province,province_id,year,y_clean,ln_y_clean,cum_tfp,ln_cum_tfp,urban_rate,pop_density,ln_pop_density,primary_share,machinery,fertilizer,plastic_film,diesel,pesticide,output_nominal
上海,1,2016,0.601548983118499,-0.5082473119395755,1.0,0.0,0.890149979732469,3915.87301587302,8.272793576125917,0.39,122.3,9.2,1.7062,13.7,0.3913,285.1
上海,1,2017,0.6116455387093699,-0.49160234937771036,1.056548273941615,0.05500724935535083,0.890916463909165,3914.28571428571,8.272388143320848,0.36,121.8,8.9,1.5664,14.5,0.3523,292.6
上海,1,2018,0.614730675576413,-0.4865710329851782,1.2317681035320445,0.20845061974171888,0.891313131313131,3928.57142857143,8.27603113459935,0.32,94.0,8.4,1.4781,13.1,0.3177,289.6
上海,1,2019,0.6541609543429272,-0.42440185024644284,1.2905152135841398,0.2550415290137765,0.892382103990326,3938.09523809524,8.27845244328836,0.3,98.0,7.5,1.3213,13.0,0.2771,284.8
上海,1,2020,0.659433427722213,-0.41637425547986173,1.2866114568106557,0.25201198467348684,0.893007853003352,3949.55555555556,8.281358333983718,0.27,102.1,6.9,1.2864,14.6,0.2644,279.8
云南,2,2016,0.22433573669563361,-1.4946115247094134,1.0,0.0,0.446397263202908,122.05114822547,4.804440204623229,13.6,3440.6,235.6,11.5926,84.8,5.8601,3633.1
云南,2,2017,0.2585736243078747,-1.3525748120152234,1.0533276591895504,0.05195435207083841,0.46290219475815,122.468684759916,4.807855362691754,12.65,3534.5,231.9,12.015,85.9,5.7675,3872.9
云南,2,2018,0.29250334107274495,-1.229279189904539,1.6383875308160376,0.49371254524817637,0.474399319583245,122.729645093946,4.8099839288423905,11.97,2693.5,217.4,11.9685,25.4,5.2591,4108.9
云南,2,2019,0.31821291314270705,-1.1450345820580403,1.9357731935480762,0.660506829898607,0.486699193890539,123.016701461378,4.8123201303934175,13.08,2714.4,204.0,12.2139,26.2,4.7441,4935.7
云南,2,2020,0.346300538507993,-1.0604482725417819,2.1732364869752687,0.7762175250698733,0.500370588409689,123.23121085595,4.814062353885284,14.7,2786.7,196.7,12.1558,30.4,4.4846,5920.5
内蒙古,3,2016,0.2998313502782708,-1.2045351281394379,1.0,0.0,0.634072249589491,20.5917159763314,3.0248888578454483,12.0,3331.1,234.6,9.5631,81.0,3.2339,2794.2
内蒙古,3,2017,0.34369646199870024,-1.0679963890440378,0.9548969407068664,-0.04615185981489455,0.646115906288533,20.5663567202029,3.023656571799183,11.07,3483.6,235.0,9.4306,73.6,3.5618,2813.5
内蒙古,3,2018,0.34925925966439864,-1.0519407681989668,1.0236520385990486,0.023376662814539494,0.655161023947151,20.4733727810651,3.019125153128697,10.85,3663.7,222.7,9.3969,79.2,2.9585,2985.3
内蒙古,3,2019,0.3787594269525154,-0.9708540328246952,1.0732218425445545,0.07066519208729691,0.664691511387164,20.414201183432,3.0162307951023344,10.8,3866.4,218.4,9.4194,77.4,2.7278,3176.3
内蒙古,3,2020,0.3930016073767697,-0.9339415771040143,1.1732772567522887,0.1598009072591331,0.674854336607291,20.3110735418428,3.0111662319916666,11.7,4056.6,207.7,9.5297,78.1,2.3426,3472.4
北京,4,2016,0.8144788179657773,-0.20520685745895612,1.0,0.0,0.867632322128086,1338.65853658537,7.199423299417112,0.51,144.5,9.7,0.9867,2.5,0.3031,338.1
北京,4,2017,0.8274168442020782,-0.1894466671706545,1.0165783384514115,0.01644241796518001,0.869349252643091,1338.04878048781,7.198967697787291,0.43,133.5,8.5,0.8973,2.2,0.2726,308.3
北京,4,2018,0.8364637106512777,-0.17857214186177842,1.0865234333332976,0.08298308820684556,0.870922115253,1336.40243902439,7.197736535551567,0.39,125.7,7.3,0.8243,1.9,0.2574,296.8
北京,4,2019,0.8898543411100233,-0.1166974913241159,1.1306386059651088,0.12278261111611657,0.873521756997397,1335.42682926829,7.197006242032412,0.3,122.8,6.2,0.7699,1.8,0.2257,281.7
北京,4,2020,0.8471632388754244,-0.16586187695433063,1.0957908834288015,0.09147637052998844,0.875344286556038,1334.94512195122,7.196645462836783,0.3,120.2,6.1,0.7562,1.7,0.2149,263.4
吉林,5,2016,0.29393149173936833,-1.224408560091801,1.0,0.0,0.587491234904558,136.979722518677,4.919832904060867,10.14,3105.3,233.6,5.9565,67.0,5.8523,2724.9
吉林,5,2017,0.3149018360492822,-1.1554943203132986,0.7560771375214675,-0.27961187424913897,0.597121931908155,134.791889007471,4.903732026100163,7.33,3284.7,231.0,6.0752,67.6,5.6294,2064.3
吉林,5,2018,0.336210496316181,-1.0900178380423198,0.8630920337419299,-0.1472339496196162,0.608586956521739,132.550693703308,4.88696516624309,10.3,3466.0,228.3,5.6216,67.3,5.0991,2184.3
吉林,5,2019,0.35268909390332004,-1.0421683639553312,1.009679891642986,0.009633341650058354,0.616180555555556,130.629669156884,4.872366366821943,11.0,3653.7,227.1,5.313,65.7,4.8658,2442.7
吉林,5,2020,0.3966555046387398,-0.924687121506799,1.2660700894347716,0.23591768509217872,0.626455154362024,128.027214514408,4.852242854714405,12.6,3896.9,225.3,5.1364,65.8,4.693,2976.0
四川,6,2016,0.30133161615127524,-1.199543905887332,1.0,0.0,0.500060598715307,169.738736885415,5.134260413046982,11.8,4267.3,249.0,13.2384,46.9,5.8038,6831.1
四川,6,2017,0.3406295895425988,-1.0769596397688719,1.0111230084290077,0.011061602695498829,0.517794667631801,170.520469039292,5.1388553425341605,11.2,4420.3,242.0,13.0993,46.7,5.5751,6955.5
四川,6,2018,0.38659979147185136,-0.9503652515979863,1.036243979555923,0.03560261761302182,0.535031847133758,171.178769800453,5.142708447843068,10.3,4603.9,235.2,12.0186,46.9,5.1276,7195.6
四川,6,2019,0.425663327421915,-0.8541065563894761,1.131483545548575,0.1235296438280279,0.553586396838702,171.79592676404,5.146307300095863,10.4,4682.3,222.8,12.3235,47.0,4.629,7889.3
四川,6,2020,0.4418763901019142,-0.8167250964196107,1.3232278151092847,0.28007406615861447,0.567336065084163,172.20119317013,5.148663520948313,11.5,4754.0,210.8,11.8818,47.1,4.213,9216.4
天津,7,2016,0.5964265202905191,-0.5167992297922681,1.0,0.0,0.832986832986833,1202.5,7.092158001979916,1.5,470.0,21.4,1.1644,14.9,0.3307,494.4
天津,7,2017,0.5790863312135708,-0.5463037085282333,0.9658948055803298,-0.03470034761409102,0.835460992907801,1175.0,7.069023426578259,1.3,464.7,18.0,1.0906,14.0,0.2353,382.1
天津,7,2018,0.5557624813114227,-0.5874142678899336,1.1705942012521022,0.15751148420826527,0.839479392624729,1152.5,7.049688774870804,1.3,348.0,16.9,0.907,2.2,0.219,390.5
天津,7,2019,0.4398228043479582,-0.8213833505732605,1.243289165588177,0.21776042070101279,0.843097472924188,1154.16666666667,7.051133861827487,1.3,359.8,16.2,0.8096,2.1,0.2171,414.4
天津,7,2020,0.5837012028296897,-0.5383660660760573,1.4296369683586914,0.35742054376117366,0.846846067318508,1155.7,7.052461499981396,1.5,365.1,15.3,0.7521,2.0,0.1997,476.4
宁夏,8,2016,0.26187836031737305,-1.3398751566272096,1.0,0.0,0.587408761751198,104.609939759036,4.6502385734931195,8.7,580.5,40.7,1.5137,22.5,0.2587,493.6
宁夏,8,2017,0.27286615300373906,-1.2987738860623,1.0676133245702468,0.06542561933419722,0.609505304362626,106.186746987952,4.665199308063412,7.8,605.4,40.8,1.5087,22.0,0.254,517.4
宁夏,8,2018,0.27224173423555503,-1.3010648785645702,1.3317816685525294,0.2865176461849747,0.621501254333794,106.85843373494,4.671504909253389,8.0,621.9,38.4,1.4975,21.7,0.2266,575.8
宁夏,8,2019,0.3519971354314403,-1.0441322413960163,1.3652503492363721,0.31133781785406484,0.636296430613868,107.971385542169,4.681866243335496,7.5,632.2,38.4,1.56,21.5,0.2245,584.8
宁夏,8,2020,0.3719632836862365,-0.9889601293483146,1.6586110180706488,0.5059805160073844,0.648981177090702,108.573795180723,4.687430081704682,8.62,644.1,38.1,1.6388,21.4,0.2174,703.1
安徽,9,2016,0.36606558919287024,-1.0049427561911477,1.0,0.0,0.533946626885463,430.620985010707,6.0652283180918465,9.5,6867.5,327.0,9.6966,75.7,10.5704,4655.5
安徽,9,2017,0.38962319990855754,-0.9425751609667584,1.0019935952466572,0.00199161067284035,0.552385669473337,432.334047109208,6.069198546632032,8.7,6312.9,318.7,9.7601,75.5,9.9394,4597.9
安徽,9,2018,0.42127184194510875,-0.8644769483449485,1.024078101417848,0.023792794624704756,0.569289005924951,433.690221270521,6.072330503366747,7.8,6543.8,311.8,9.7828,75.5,9.4177,4672.7
安徽,9,2019,0.4288129539812177,-0.8467344598375952,1.0915216576890543,0.08757273894481962,0.583191070256074,434.832262669522,6.074960353666137,7.9,6650.5,298.0,10.3735,74.7,8.8271,5162.1
安徽,9,2020,0.5034109479856088,-0.6863484484331629,1.2023647660679324,0.18429025602323804,0.583071242767938,435.743040685225,6.077052713383839,8.4,6799.5,289.9,10.3299,75.2,8.3294,5680.9
山东,10,2016,0.4699018792992657,-0.7552313735213608,1.0,0.0,0.591296500551489,630.803289057558,6.446994069180486,8.2,9797.6,456.5,29.7961,162.5,14.864,9325.9
山东,10,2017,0.5015934981723191,-0.6899652519238331,1.0122721641373134,0.012197471602808083,0.607893949965115,634.598355471221,6.452992287704233,7.7,10144.0,440.0,28.7098,157.7,14.067,9140.4
山东,10,2018,0.5030907867328422,-0.6869846346463033,1.0804448193253018,0.07737282608671665,0.614567827726506,637.381404174573,6.457368227059022,7.4,10415.2,420.3,27.6935,147.5,12.9882,9397.4
山东,10,2019,0.5326131921774482,-0.629959836518434,1.1637249251788144,0.15162600280671,0.618642390659014,639.21568627451,6.460241934630473,7.3,10679.8,395.3,26.7113,137.6,12.0342,9671.7
山东,10,2020,0.5650455070765169,-0.5708490075808895,1.2541764732130873,0.22647916054954065,0.63051145603674,642.916508538899,6.466014869055477,7.4,10964.7,380.9,26.5659,126.4,11.4311,10190.6
山西,11,2016,0.26221091838320565,-1.3386060670885276,1.0,0.0,0.572828685258964,224.250159540523,5.4127622123791115,6.06,1744.3,117.1,4.8922,29.2,3.055,1534.0
山西,11,2017,0.30282697279102816,-1.1945936834764406,1.0681828969895457,0.06595897773894725,0.586025641025641,223.994894703255,5.411623260091984,4.97,1376.3,112.0,4.9998,28.5,2.8831,1418.7
山西,11,2018,0.3308465616620673,-1.1061005710155276,1.0928661071710064,0.08880370138962627,0.598629354654483,223.484365028717,5.409341456477867,4.64,1441.1,109.6,4.9067,27.6,2.6543,1460.6
山西,11,2019,0.35759632573597067,-1.028350510523118,1.2004565997748615,0.18270198423464332,0.612928224192165,223.165283982131,5.4079126806954445,4.87,1517.6,108.4,4.8555,26.4,2.5319,1626.5
山西,11,2020,0.35970148741562086,-1.0224807931330873,1.3928940045171336,0.3313836003857882,0.625368511828191,222.743458838545,5.40602070043622,6.54,1595.3,107.4,4.8592,26.0,2.4866,1935.8
广东,12,2016,0.4937699546460252,-0.7056855491104859,1.0,0.0,0.701499832045683,662.291434927697,6.495705693092192,4.3,2390.5,261.0,4.5505,79.9,11.3652,6078.4
广东,12,2017,0.49759702663403294,-0.6979647129889411,0.9850620891826061,-0.015050605093498218,0.70739971995717,675.250278086763,6.515083404500501,3.9,2410.8,258.3,4.5867,77.7,11.2958,5969.9
广东,12,2018,0.49409779974527596,-0.7050218061958506,1.0642664842186682,0.062285814653545025,0.71810009718173,686.763070077864,6.531989356578575,3.8,2429.9,231.3,4.4814,88.5,9.3684,6318.1
广东,12,2019,0.4919676365144028,-0.7093423440956621,1.2340718179650625,0.21031912311307052,0.726500120105693,694.60511679644,6.54334350681961,4.0,2455.8,225.8,4.3842,85.5,8.7489,7175.9
广东,12,2020,0.5343198554693117,-0.6267606390594186,1.3765743691256787,0.31959807183863226,0.741523225131321,702.091768631813,6.554064120028844,4.3,2495.4,219.8,4.2558,85.8,8.3217,7901.9
广西,13,2016,0.2949741292244752,-1.2208676240321237,1.0,0.0,0.492485073090385,204.419191919192,5.320172747851301,17.4,3527.3,262.1,4.8445,63.6,8.5694,4591.4
广西,13,2017,0.36519655906111115,-1.0073195523727676,1.1128114281238415,0.10688963127587411,0.505808029345832,206.523569023569,5.330414541595459,16.2,3658.3,263.8,4.7693,56.8,7.2495,4698.7
广西,13,2018,0.4026806904695386,-0.9096113624369306,1.2016905810423513,0.18372938287689788,0.518293915504346,208.207070707071,5.338533116733266,15.4,3750.8,255.0,4.7195,52.7,6.9714,4909.2
广西,13,2019,0.423625785253141,-0.8589047954050822,1.3323054124525997,0.28691083446365523,0.529706945002007,209.680134680135,5.345583201327683,16.0,3840.0,252.0,4.7577,53.4,6.8144,5498.8
广西,13,2020,0.43990393084354673,-0.8211989149011972,1.418739431254809,0.3497687528840118,0.542074473172442,211.225589225589,5.352926705598701,16.5,3901.4,247.9,4.8712,52.8,6.6026,5913.3
新疆,14,2016,0.3445897164052109,-1.0654007974542807,1.0,0.0,0.504200988467875,14.882010419859,2.7001531291400576,15.3,2552.2,250.2,26.6198,87.8,2.7596,2969.7
新疆,14,2017,0.3908905790614032,-0.939327607109613,1.0944471042748856,0.09024930814675085,0.519,15.2007355194606,2.7213438161196972,13.9,2638.8,250.7,25.2646,88.3,2.767,3326.6
新疆,14,2018,0.4082931957065625,-0.8957697457316369,1.2204784263092292,0.19924293458586953,0.540099206349206,15.4459086730003,2.737344157466139,13.2,2731.8,255.0,26.9839,95.5,2.3732,3637.8
新疆,14,2019,0.46147957903419234,-0.7733174751315938,1.2848755168203654,0.2506618395848328,0.555099648300117,15.6849524977015,2.752701813120459,13.1,2789.0,257.8,26.2677,94.2,2.2948,3850.6
新疆,14,2020,0.4653941701426962,-0.7648705547444101,1.409548493223015,0.34326943553715267,0.565194229663114,15.8779650628256,2.7649323029494237,14.3,2929.4,248.2,25.9674,85.2,2.1823,4315.6
江苏,15,2016,0.60172141534451,-0.5079607059906358,1.0,0.0,0.689338981028517,781.809701492537,6.66161136245625,5.22,4906.6,312.5,11.3941,108.7,7.6184,7235.1
江苏,15,2017,0.631888572996603,-0.45904220892913794,0.9915758030620444,-0.008459881032866639,0.70184138667933,785.727611940299,6.666610182672708,4.71,4991.4,303.9,11.5085,109.0,7.3167,7161.2
江苏,15,2018,0.6410626877444017,-0.4446280300501233,1.0027186364611251,0.002714947653193945,0.711915699739522,787.873134328358,6.669337079851233,4.44,5017.7,292.5,11.6064,109.4,6.96,7192.5
江苏,15,2019,0.6553416184737364,-0.42259862438764584,1.0519665982935242,0.05066136313989997,0.72470775770457,790.018656716418,6.672056561278943,4.36,5112.0,286.2,11.4153,108.9,6.7396,7503.2
江苏,15,2020,0.6755136740642446,-0.3922818789085375,1.1191962135727396,0.1126107612082467,0.734418904221411,790.789179104478,6.6730314077234265,4.41,5213.8,280.8,11.1776,108.6,6.5703,7952.6
江西,16,2016,0.3057900307778274,-1.1848565864835021,1.0,0.0,0.539857651245552,269.382863990413,5.5961336538997815,9.76,2201.6,142.0,5.2757,27.8,9.2188,3130.3
江西,16,2017,0.35632760363181415,-1.0319047363658527,0.9777792823725338,-0.022471317063151194,0.557060518731988,270.281605751947,5.599464399734651,9.08,2309.6,135.0,5.3509,29.6,8.7737,3069.0
江西,16,2018,0.3744108030395424,-0.9824016805226946,1.024441816623564,0.0241478951109971,0.573463328163084,270.401437986818,5.599907662153256,8.26,2382.0,123.2,5.2218,30.9,7.7183,3148.6
江西,16,2019,0.41639445906315337,-0.8761222490946203,1.1522529242061987,0.14171909043795397,0.590693091231178,270.581186339125,5.600572187595808,8.34,2470.7,115.6,5.202,30.1,6.2701,3481.3
江西,16,2020,0.4386547646363061,-0.8240425884211274,1.2538175751000675,0.2261929572264418,0.60436778811581,270.787896944278,5.60133584633282,8.7,2591.0,108.8,5.2296,30.0,5.2708,3820.7
河北,17,2016,0.2590848321574941,-1.3505997336236046,1.0,0.0,0.538686832117738,390.624470338983,5.967746664557543,10.8,7402.0,331.8,13.8434,218.7,8.1691,6083.9
河北,17,2017,0.277647707697725,-1.281402207414592,0.9302166160905612,-0.07233779942912497,0.557399374286354,392.433262711864,5.972366491458149,10.2,7580.6,322.0,12.81,224.6,7.7623,5373.4
河北,17,2018,0.30815251703116664,-1.177160433406152,1.1552981940466864,0.14435848731569495,0.573300279948346,393.345868644068,5.974689297717853,10.27,7706.2,312.4,10.9833,217.6,6.145,5707.0
河北,17,2019,0.3203429248723435,-1.1383632167587794,1.2981257647578226,0.26092150477301373,0.58768478330934,394.415254237288,5.977404299052773,10.1,7830.7,297.3,10.3211,200.1,5.7344,6061.5
河北,17,2020,0.33281947017068525,-1.1001550676277372,1.4550083567637346,0.3750116440871921,0.600685438058694,395.330508474576,5.9797221453528415,10.8,7965.7,285.7,10.3742,140.5,5.4289,6742.5
河南,18,2016,0.29142285106252425,-1.2329799700988586,1.0,0.0,0.487800163632645,585.508982035928,6.372481523715881,10.1,9855.0,715.0,16.3149,112.4,12.7107,7799.7
河南,18,2017,0.33526673424741626,-1.092828842339278,1.0090987980804973,0.009057653406968081,0.505599755824601,588.562874251497,6.3776837591439195,9.23,10038.3,706.7,15.7298,108.8,12.0713,7562.5
河南,18,2018,0.34357591488298755,-1.0683471877113606,1.0728202818917967,0.07029095837317546,0.522399635036496,590.658682634731,6.381238325421472,8.63,10204.5,692.8,15.2838,103.9,11.3603,7757.9
河南,18,2019,0.3806214676313402,-0.965949921004152,1.2061803048350372,0.18745859362672537,0.54009998990001,592.874251497006,6.384982321699805,8.63,10357.0,666.7,15.0762,100.1,10.7231,8541.8
河南,18,2020,0.4256563334824085,-0.8541229872081869,1.4102215448605107,0.34374681606193835,0.554290893325434,595.279640718563,6.389031279538499,9.87,10463.7,648.0,15.1717,97.4,10.24,9956.3
浙江,19,2016,0.5261440653971268,-0.6421802151573658,1.0,0.0,0.677206851119895,575.0,6.354370040797351,4.0,2136.7,84.5,6.73,203.2,4.9482,3146.1
浙江,19,2017,0.5513565212429952,-0.5953736350737594,1.0062831740930518,0.006263517249986484,0.689141004862237,584.280303030303,6.370380838621318,3.74,2072.3,82.6,6.7891,201.6,4.6303,3093.4
浙江,19,2018,0.5840897615123897,-0.537700606744887,1.0842956510638493,0.08093060666424402,0.700143472022956,594.034090909091,6.386936709818628,3.4,2009.3,77.8,6.8731,198.8,4.3725,3157.3
浙江,19,2019,0.600877898365818,-0.5093635292043298,1.2311959784415796,0.20798603716421177,0.715764705882353,603.693181818182,6.403066091748512,3.4,1908.0,72.5,6.6737,190.5,3.8572,3355.2
浙江,19,2020,0.6043597274636291,-0.5035856830609773,1.3400297109022428,0.2926917860321244,0.721673391772181,612.528409090909,6.417595323532501,3.4,1813.2,69.6,6.6892,188.6,3.6561,3496.9
海南,20,2016,0.37736737353925554,-0.9745361003961622,1.0,0.0,0.567113673392656,272.786324786325,5.608688795630417,22.6,516.6,50.6,2.6704,19.9,3.4028,1470.4
海南,20,2017,0.4154515024673823,-0.8783893923958416,0.9974510362772198,-0.0025522178617746302,0.580545548121462,276.780626780627,5.623225231339721,21.4,569.8,51.4,2.7642,16.2,3.3408,1488.9
海南,20,2018,0.38781145144371776,-0.9472360073581013,1.0137489009825043,0.013655242335928065,0.591360638384496,279.908831908832,5.6344639498243545,20.1,565.8,48.4,2.3539,20.6,2.325,1535.7
海南,20,2019,0.4297087914310629,-0.8446475289479176,1.148432069066549,0.13839759387187137,0.59369819245029,283.552706552707,5.647398019654147,20.2,581.2,46.3,3.055,15.7,2.1358,1689.4
海南,20,2020,0.4380196280064626,-0.8254915568096115,1.2297875351973622,0.2068414188519114,0.602702649307545,288.415954415954,5.664403724324343,20.4,615.6,42.6,3.058,15.0,1.9747,1821.0
湖北,21,2016,0.4568192709461394,-0.7834674346953701,1.0,0.0,0.585699235344095,316.568047337278,5.757538217961024,10.2,4187.8,328.0,6.7306,65.9,11.7401,6278.4
湖北,21,2017,0.47737278613404094,-0.7394575710297379,0.9850674417536336,-0.01504517136851366,0.59880081300813,317.590102205487,5.760761564546956,9.5,4335.1,317.9,6.5876,66.3,10.9588,6129.7
湖北,21,2018,0.47741715450325506,-0.739364632536447,1.0262346488112057,0.025896423145172306,0.61,318.289402904788,5.762961040943343,8.5,4424.6,295.8,6.3554,65.1,10.3317,6207.8
湖北,21,2019,0.49123911297812656,-0.7108242779208312,1.1683857111127443,0.15562306200848663,0.61829930825038,318.827326519634,5.764649660054485,8.4,4515.7,273.9,5.8801,63.5,9.7024,6681.9
湖北,21,2020,0.4900816487100862,-0.7131832717381206,1.2928748569909454,0.25686831010261396,0.632227585498614,309.027972027972,5.733431797163032,9.6,4626.1,267.3,5.8039,62.8,9.3143,7303.6
湖南,22,2016,0.31122187711770855,-1.1672491899273465,1.0,0.0,0.526999245283019,312.795089707271,5.745548310681163,9.4,6097.5,246.4,8.4679,43.7,11.8661,6081.9
湖南,22,2017,0.3458638662614403,-1.0617100314576606,0.8505525610037828,-0.16186906893374378,0.546199306497814,313.172804532578,5.746755129352296,8.9,6254.8,245.3,8.5209,44.2,11.6023,5213.5
湖南,22,2018,0.41124520325991615,-0.8885656407762531,0.8711262160460247,-0.13796840327548351,0.560899773926149,313.267233238905,5.747056606593048,8.5,6338.6,242.6,8.5397,44.6,11.4155,5361.6
湖南,22,2019,0.4793938943059051,-0.7352326931791343,1.0542004955554691,0.0527826555161395,0.5745,313.503305004721,5.7478099022972176,9.14,6471.8,229.0,8.3792,44.8,10.5548,6405.1
湖南,22,2020,0.513185022213993,-0.6671188317522988,1.2425885208147414,0.21719672056739725,0.587652927633064,313.753541076487,5.748607776681864,10.2,6589.0,223.7,8.3005,45.2,10.145,7512.0
甘肃,23,2016,0.23570564586536058,-1.4451715157191256,1.0,0.0,0.460718253968254,59.1688189715896,4.080394696570347,11.59,1903.9,93.4,19.5092,44.2,6.9915,1778.0
甘肃,23,2017,0.256285813906953,-1.3614619967071508,0.9579663082604349,-0.04294267046015802,0.481213322759714,59.2157783517258,4.081188032589743,11.72,2018.6,84.5,17.2188,45.5,5.1995,1559.6
甘肃,23,2018,0.2790353983356133,-1.276416629453933,1.028836902880858,0.028428943687671758,0.496914512922465,59.0514205212491,4.078408598598717,11.43,2102.8,83.2,16.1272,40.8,4.2864,1659.4
甘肃,23,2019,0.3379444330143361,-1.0848737963800448,1.190791042410193,0.17461782780182716,0.507002789956158,58.9105423808406,4.076020062431301,12.15,2174.0,80.9,15.2253,39.1,4.1938,1887.6
甘肃,23,2020,0.3482241346101278,-1.054908941556861,1.3199915778475113,0.2776253561593725,0.522405429292424,58.7111998121625,4.072630506116,13.23,2289.5,80.4,15.2956,36.1,4.0312,2103.6
福建,24,2016,0.3884767590135889,-0.9455219333227081,1.0,0.0,0.643924302788845,323.870967741935,5.780345188760572,7.2,1269.1,123.8,6.2424,86.3,5.5387,4155.7
福建,24,2017,0.44071035164301436,-0.8193674183176745,0.9878701995059368,-0.012203966883268224,0.657810578105781,327.822580645161,5.792472549370919,6.6,1232.4,116.3,6.2415,83.6,5.2167,3947.2
福建,24,2018,0.48940108514818736,-0.7145729106728214,1.085223054599555,0.08178554613978112,0.669834307992203,330.967741935484,5.802020914239614,6.1,1228.3,110.7,6.0002,82.4,4.9143,4229.5
福建,24,2019,0.5014534184353356,-0.6902445603700779,1.212307393536187,0.19252548051958923,0.678704375151076,333.629032258065,5.810029693850422,6.1,1237.7,106.3,5.8507,81.2,4.5477,4636.6
福建,24,2020,0.5068457714565903,-0.6795485199791181,1.3195385151870385,0.27728206576376924,0.687427909569764,335.6,5.815919974593051,6.26,1260.2,100.8,5.1824,78.4,4.3163,4901.1
西藏,25,2016,0.16956469762150972,-1.7745207281072923,1.0,0.0,0.315690425782169,2.76847932269619,1.018298188477913,9.42,635.1,5.9,0.1784,6.2,0.1091,173.0
西藏,25,2017,0.18681616997359177,-1.6776301939059644,1.0374120326152758,0.03672918168732614,0.333800961978928,2.8433734939759,1.044991197229011,8.76,523.1,5.5,0.187,5.6,0.1076,178.2
西藏,25,2018,0.17853766047482883,-1.722955716963975,1.2562025717286756,0.22809333826473394,0.337987168979453,2.8804135460762,1.057933876227024,8.29,545.8,5.2,0.1778,3.0,0.0982,195.5
西藏,25,2019,0.21289439478268024,-1.5469590353640934,1.5622619393559958,0.44613473220847394,0.34510477880031,2.93682839465972,1.0773302217248857,8.2,559.0,4.8,0.1492,3.3,0.0802,212.8
西藏,25,2020,0.2460607752639026,-1.4021767196442647,1.5902265291568902,0.46387647725194264,0.356529350620931,2.97606642787366,1.0906024379158374,7.9,576.8,4.4,0.1866,3.8,0.0714,233.5
贵州,26,2016,0.21716822920386245,-1.527082976005188,1.0,0.0,0.455598722724854,213.28036322361,5.3626075594653795,15.79,2041.1,103.7,5.1053,11.2,1.3677,3097.2
贵州,26,2017,0.25723951813059337,-1.3577476509461461,1.1109140465025165,0.10518314178027494,0.477599263739153,215.83427922815,5.374510887420227,14.94,2181.4,95.7,5.1138,11.4,1.3399,3413.9
贵州,26,2018,0.2979677030029492,-1.210770177534915,1.247811674566032,0.22139135677037675,0.495400313971743,216.912599318956,5.379494504292186,14.04,2376.7,89.5,5.5031,11.1,1.1122,3619.5
贵州,26,2019,0.3269363421435354,-1.1179897993799324,1.4593179111116148,0.37796914238559254,0.514799896049896,218.38819523269,5.386274191277563,13.6,2484.6,83.2,4.4121,11.3,0.921,3889.0
贵州,26,2020,0.37522767562531617,-0.9802223022427724,1.6871857333656899,0.5230618943416097,0.531520065528557,218.947786606129,5.38883328406696,14.2,2582.4,78.8,4.5411,10.8,0.8423,4358.6
辽宁,27,2016,0.3898057484628661,-0.9421067448063688,1.0,0.0,0.688698867575688,290.988567585743,5.673283979752821,9.03,2168.5,148.1,13.7273,70.7,5.6264,4421.8
辽宁,27,2017,0.41935210260807004,-0.8690443715948813,0.8888948228997132,-0.11777635991648888,0.694805194805195,289.979825151311,5.669811352116768,8.77,2215.1,145.5,12.4791,69.3,5.7474,3851.6
辽宁,27,2018,0.4390927489765914,-0.8230446149268286,0.950705096224244,-0.05055136313478673,0.7026334187835,288.567585743107,5.664929324519461,8.59,2243.7,145.0,11.7976,62.4,5.507,4061.9
辽宁,27,2019,0.4360755254714052,-0.8299398270763021,1.0319775283081525,0.03147689192709344,0.712181435585691,287.626092804304,5.661661347754845,8.7,2353.9,139.9,11.3505,59.9,5.1074,4368.2
辽宁,27,2020,0.4644833192645131,-0.7668296325366537,1.0858199400276969,0.08233540668575644,0.721421034945447,286.179556153329,5.656619432542062,9.1,2471.3,137.6,11.4381,59.2,4.4722,4582.6
重庆,28,2016,0.3879656289330884,-0.9468385285067653,1.0,0.0,0.633348981980476,377.422330097087,5.9333647994328516,6.9,1318.7,96.2,4.5265,21.6,1.7604,1968.3
重庆,28,2017,0.4205376142151109,-0.8662213524041081,0.9533342853186675,-0.04778966525083221,0.649951805465865,381.493932038835,5.9440949450641645,6.4,1352.6,95.5,4.5479,21.7,1.7467,1902.5
重庆,28,2018,0.4526495695604168,-0.7926370299936113,1.0000235480796582,2.3547802406533514e-05,0.666050190633358,383.876213592233,5.950320140181539,6.4,1428.1,93.2,4.4625,21.4,1.7191,2052.4
重庆,28,2019,0.49989413107246394,-0.6933589408346419,1.1332127707130237,0.12505675851275588,0.682352313792411,386.873786407767,5.958098506523483,6.6,1464.7,91.1,4.2559,21.2,1.6542,2337.8
重庆,28,2020,0.43150346398724504,-0.8404797407104713,1.315775500385676,0.2744262259384845,0.69465332464918,389.430825242718,5.964686250674889,7.2,1498.0,89.8,4.1694,21.3,1.6205,2749.1
陕西,29,2016,0.3998592024677601,-0.9166427876691244,1.0,0.0,0.564016520392359,188.424124513619,5.238695403379978,8.73,2171.9,233.1,4.3717,92.8,1.319,2985.8
陕西,29,2017,0.41331500553344863,-0.8835452514856094,1.0219305308452393,0.021693515738551293,0.580686475409836,189.88326848249,5.2464095069460175,7.95,2242.5,232.1,4.3954,93.4,1.3335,3077.6
陕西,29,2018,0.4270851808746139,-0.8507717988225699,1.082189184047717,0.07898601176490758,0.596540320529127,191.196498054475,5.253301684834898,7.64,2311.8,229.6,4.4147,92.6,1.255,3240.0
陕西,29,2019,0.4350035120781514,-0.8324011741831686,1.1792129883433602,0.16484725693040322,0.612829614604463,191.828793774319,5.256603275135562,7.7,2331.5,202.5,4.478,93.8,1.224,3536.8
陕西,29,2020,0.4662298547202569,-0.7630765159918641,1.33723045801531,0.2906006527612618,0.626648359289856,192.34873540856,5.259310054747579,8.7,2388.0,201.9,4.4724,93.4,1.1951,4056.6
青海,30,2016,0.13229226986391612,-2.02274163841243,1.0,0.0,0.536193029490617,8.05593243804513,2.0864087688425053,9.8,458.6,8.8,0.7944,6.4,0.1939,338.8
青海,30,2017,0.20388625671508268,-1.5901930057572997,1.081620042999062,0.07845995701417816,0.554144145680233,8.11975633393327,2.0943001455870367,9.7,462.4,8.7,0.8416,6.4,0.1875,364.1
青海,30,2018,0.24095145685873925,-1.4231597896026433,1.264410934043045,0.23460634893585877,0.572090172308111,8.13124740412571,2.0957143440319816,9.8,472.1,8.3,0.7556,6.4,0.1784,405.9
青海,30,2019,0.30671135624784,-1.1818481813291628,1.725414536029362,0.545467332354981,0.58769731048032,8.17444275231898,2.1010125496060406,10.3,484.2,6.2,0.778,6.6,0.1398,454.4
青海,30,2020,0.3190670555632443,-1.1423539927599673,2.0921881142469214,0.7382104629281734,0.600448725518312,8.20697771009276,2.1049847326810207,11.2,491.4,5.5,0.7378,6.5,0.1233,507.1
黑龙江,31,2016,0.24072140610415144,-1.4241150054338403,1.0,0.0,0.610886514582732,73.5712768217548,4.2982546889893705,23.1,5634.3,252.8,8.2575,145.5,8.2474,5197.8
黑龙江,31,2017,0.22597534477851317,-1.4873293795614078,1.0901260582613745,0.08629333933520952,0.619005589879376,72.2115997450606,4.279600694283066,24.1,5813.8,251.2,7.977,146.8,8.3218,5586.6
黑龙江,31,2018,0.28387177561420807,-1.2592326370913476,1.1329654760265169,0.12483851028992148,0.634595731890592,70.6819630337795,4.258190420605426,23.4,6084.7,245.6,7.7431,147.4,7.4182,5624.3
黑龙江,31,2019,0.3055986626443721,-1.185482597863051,1.3001126042070938,0.26245087933715633,0.646205837173579,69.1523263224984,4.236311699229619,23.5,6359.1,223.3,7.1831,137.4,6.4267,5930.0
黑龙江,31,2020,0.33229680301767317,-1.1017267244392401,1.4278825719421004,0.3561926280025694,0.656120798130505,67.365838113448,4.210138036508701,25.27,6775.1,224.2,7.0501,138.5,6.0749,6438.1
