province,year_from,year_to,D_tt,D_t1t1,D_t_t1,D_t1_t,EFFCH,TECH,Malmquist
上海,2016,2017,0.9005539102824566,0.9300559031482395,0.9523918393663112,0.8811225440010956,1.0327598298435345,1.0230338588030525,1.056548273941615
上海,2017,2018,0.9300559031482395,0.991983271014717,1.07913248886663,0.8468194886910235,1.0665845651394215,1.0930607869162705,1.1658417640840442
上海,2018,2019,0.991983271014717,0.911825189310489,1.035844296480919,0.8674278601858307,0.9191941194509935,1.139795498694152,1.0476933197763771
上海,2019,2020,0.911825189310489,0.8315326601308914,0.9142222135773397,0.8387855197116515,0.9119430674641553,1.0932426328660005,0.9969750400984099
云南,2016,2017,0.5235415393832632,0.5386684342827671,0.5516787087435523,0.5115989302249957,1.0288933995902665,1.0237480963616001,1.0533276591895504
云南,2017,2018,0.5386684342827671,0.8008200390274094,0.8276810138139292,0.5085926819971831,1.4866659860878892,1.0462602855046,1.5554395790542925
云南,2018,2019,0.8008200390274094,0.940606454716221,0.9457058048988173,0.7957074103087792,1.174554093150043,1.0059231773237167,1.1815111853200682
云南,2019,2020,0.940606454716221,1.0,1.0551831715790665,0.890050951534246,1.063143884443891,1.0559916182778644,1.1226710309961192
内蒙古,2016,2017,0.5029618932236531,0.4611336313208644,0.4810860170404886,0.48372824358306216,0.9168361212522538,1.0415132198354353,0.9548969407068664
内蒙古,2017,2018,0.4611336313208644,0.4772104967144588,0.49242878925751576,0.44344005418487575,1.0348637885021401,1.0358876685155844,1.0720026371026867
内蒙古,2018,2019,0.4772104967144588,0.4599015869857022,0.5013800813801456,0.4395898966409522,0.963728983649927,1.087883092009776,1.0484244665925213
内蒙古,2019,2020,0.4599015869857022,0.45864795079566817,0.5030019792667955,0.41972220402475763,0.997274120756463,1.0962171696515637,1.0932290140224017
北京,2016,2017,1.0,1.0,1.0403407581181114,1.0066857259409463,1.0,1.0165783384514115,1.0165783384514115
北京,2017,2018,1.0,1.0,1.117949924638452,0.9786465269275009,1.0,1.068804431725779,1.068804431725779
北京,2018,2019,1.0,1.0,1.1036620230291916,1.0192170317592026,1.0,1.0406021363906273,1.0406021363906273
北京,2019,2020,1.0,0.9464822193505297,0.9709716520947854,0.9783883335542014,0.9464822193505297,1.0239798550352084,0.9691787257639576
吉林,2016,2017,0.5334104404990283,0.39111630411983805,0.40388806731184296,0.5180518380267406,0.7332370617904141,1.0311496471213315,0.7560771375214675
吉林,2017,2018,0.39111630411983805,0.40468628271587614,0.44682013642995744,0.3547834036273007,1.0346955073288897,1.1032614383856685,1.1415396537068598
吉林,2018,2019,0.40468628271587614,0.38429590260430757,0.47310487291819137,0.32828534327252357,0.9496143531855654,1.2319109874934697,1.1698403555708023
吉林,2019,2020,0.38429590260430757,0.4315053249346505,0.48102253738639844,0.34350870479883816,1.122846540934766,1.1167440217923845,1.2539321619791581
四川,2016,2017,0.9140787124045955,0.8812491614890634,0.9339819877788628,0.8807357730701338,0.9640845471292402,1.0487908051631303,1.0111230084290077
四川,2017,2018,0.8812491614890634,0.8923107285282708,0.9048543808764593,0.872328449685852,1.0125521447538361,1.012140095177111,1.0248446241629354
四川,2018,2019,0.8923107285282708,0.9079836944168782,0.9722678967963498,0.8298038325284259,1.0175644709712923,1.0730606950014199,1.091908438429207
四川,2019,2020,0.9079836944168782,0.9810377170780051,1.062251922687304,0.8391941028976239,1.0804574169231567,1.0823774200696086,1.1694627114243599
天津,2016,2017,0.7485864565727846,0.6373481096201453,0.7170950206097618,0.6544127953521452,0.8514021380216841,1.1344754287611734,0.9658948055803298
天津,2017,2018,0.6373481096201453,0.6988730389413528,0.7134296625793991,0.5326226989908639,1.0965326928762302,1.1052358241568596,1.211927214526001
天津,2018,2019,0.6988730389413528,0.6963763561573767,0.7503173551009197,0.6627643828137172,0.9964275588771345,1.0659088057654738,1.0621009093145328
天津,2019,2020,0.6963763561573767,0.7371216614505922,0.8021160118460199,0.6421331646976735,1.0585104662628828,1.08632172321204,1.1498829137486746
宁夏,2016,2017,0.8425589935191412,0.7994923256081609,0.8995272082175315,0.7488594486491498,0.9488858723932166,1.1251230054438304,1.0676133245702468
宁夏,2017,2018,0.7994923256081609,0.7808112549131063,0.997317286033292,0.6259318020390426,0.9766338336258023,1.2772834404702322,1.247438223093197
宁夏,2018,2019,0.7808112549131063,0.616897067338006,0.8004336323508736,0.6017740307659347,0.7900719456287272,1.297515703559514,1.025130756395092
宁夏,2019,2020,0.616897067338006,0.6436793799160486,0.7659126548283401,0.5414665554890229,1.0434145564893216,1.1643280454936444,1.2148768311968297
安徽,2016,2017,0.5512812313721647,0.5299682469971346,0.5531581904637441,0.529658686146159,0.961339180145892,1.0422893562858797,1.0019935952466572
安徽,2017,2018,0.5299682469971346,0.5309938154023285,0.5455307067141849,0.5232660358086652,1.0019351506642236,1.020066583676221,1.0220405662031744
安徽,2018,2019,0.5309938154023285,0.4572419998345655,0.5670173154597631,0.42978813162444035,0.86110607425459,1.2377776173593142,1.065857824884479
安徽,2019,2020,0.4572419998345655,0.45561629910867635,0.5036934710665455,0.41362967623818114,0.9964445507488872,1.1054796375913067,1.1015491608417123
山东,2016,2017,0.621470221984382,0.5747845167671879,0.6305227346205847,0.5691030301634022,0.9248786127384759,1.0944919151498957,1.0122721641373134
山东,2017,2018,0.5747845167671879,0.5497778518175902,0.6138226941186719,0.515364532011858,0.9564938438316938,1.1158944501268253,1.0673461719122614
山东,2018,2019,0.5497778518175902,0.517131633166011,0.5941523931529294,0.48174390142624557,0.94061925458865,1.145074861237096,1.077079462425039
山东,2019,2020,0.517131633166011,0.491446946188893,0.5578936297591702,0.4564679732773158,0.950332400244267,1.134051499545198,1.0777258835633983
山西,2016,2017,0.4653952867155017,0.4896361348795978,0.4947130429282059,0.45615621959678637,1.0520865785624396,1.0152994237880117,1.0681828969895457
山西,2017,2018,0.4896361348795978,0.48118671717606215,0.49979753791510323,0.46923630574071995,0.9827434760189556,1.0410729633478237,1.023107662789795
山西,2018,2019,0.48118671717606215,0.4897434219219641,0.528571576597915,0.44586129638159905,1.0177825040477397,1.0792561326801726,1.0984480092281057
山西,2019,2020,0.4897434219219641,0.5250216832690727,0.5685999955772405,0.45276439783458705,1.0720341708902623,1.0823381754085515,1.1603035084969857
广东,2016,2017,1.0,1.0,0.9962791400257018,1.026724266619365,1.0,0.9850620891826061,0.9850620891826061
广东,2017,2018,1.0,0.9999999999999998,1.1770691423009856,1.0083897297482192,0.9999999999999998,1.080405485000225,1.0804054850002247
广东,2018,2019,0.9999999999999998,1.0,1.1897177008863045,0.8848381216593649,1.0000000000000002,1.1595515185945715,1.1595515185945717
广东,2019,2020,1.0,1.0,1.1439355006786294,0.919354591037272,1.0,1.1154734668486292,1.1154734668486292
广西,2016,2017,0.8597229191268971,0.94760440817264,0.9610374612000335,0.8553930758037049,1.1022207121510639,1.0096085256392153,1.1128114281238415
广西,2017,2018,0.94760440817264,0.9946196138944581,1.0159723585550533,0.9144704555901316,1.0496148026711718,1.0288241100426765,1.0798690152457877
广西,2018,2019,0.9946196138944581,0.9117187903952139,1.1025592615043662,0.8222115210443314,0.9166507252208269,1.2095038320986058,1.1086925648505563
广西,2019,2020,0.9117187903952139,0.8754911872270887,0.9707339314813762,0.8220408305088898,0.9602644987141034,1.10893980847052,1.0648755292850576
新疆,2016,2017,0.663276339296221,0.7037004857219289,0.7264015692612975,0.6433992736180546,1.060946160794158,1.0315764783536716,1.0944471042748856
新疆,2017,2018,0.7037004857219289,0.7649794060152826,0.7843899845089968,0.6856828253061682,1.0870809691576202,1.0258253749700907,1.1151552428089655
新疆,2018,2019,0.7649794060152826,0.7408008948785421,0.804661758276905,0.7030775376927405,0.9683932522279463,1.0871242715974214,1.0527638089481641
新疆,2019,2020,0.7408008948785421,0.7420542592334172,0.8128801405709202,0.6765855863275915,1.0016919044827566,1.0951782343599,1.0970311713240308
江苏,2016,2017,0.8590825260714838,0.8105986849280108,0.8554065189581567,0.8209027759942621,0.9435632320852971,1.0508843173876523,0.9915758030620444
江苏,2017,2018,0.8105986849280108,0.7757170846248831,0.8181626817923399,0.765650896486241,0.9569681015381545,1.056709725945348,1.011237500314823
江苏,2018,2019,0.7757170846248831,0.7029274754353885,0.8142052605223439,0.6703403148937853,0.9061647466167465,1.1577524301720272,1.0491144375317576
江苏,2019,2020,0.7029274754353885,0.6749019949181276,0.7477600654167025,0.6342842055541458,0.9601303384820716,1.1080875844651739,1.0639085075403285
江西,2016,2017,0.8033500816538257,0.7394406662088374,0.8067205212061496,0.7766760831110071,0.9204463696407169,1.062288162160057,0.9777792823725338
江西,2017,2018,0.7394406662088374,0.7406923808128806,0.8033143923573879,0.7330391343776531,1.00169278572473,1.0459523996665587,1.0477229729574613
江西,2018,2019,0.7406923808128806,0.7346676894332177,0.8503222733715143,0.6666771577480863,0.9918661356107767,1.1339853882378328,1.1247617048705456
江西,2019,2020,0.7346676894332177,0.7239317630900671,0.8020722946991791,0.6674936502916339,0.9853866904757536,1.1042816162121247,1.0881444071524817
河北,2016,2017,0.6301239334069645,0.5383689435591464,0.585345476235549,0.5779604285092562,0.8543858041517076,1.0887547657865682,0.9302166160905612
河北,2017,2018,0.5383689435591464,0.6233256405580624,0.669044949159722,0.5021925736037199,1.1578038592591706,1.0726919185200532,1.2419668430586415
河北,2018,2019,0.6233256405580624,0.5576975226026977,0.7000194510487996,0.4960763014284587,0.8947129498850586,1.2558534182164205,1.1236283164356478
河北,2019,2020,0.5576975226026977,0.5671809455229373,0.6245889021856657,0.5056147611377865,1.0170045993318777,1.1021121772720062,1.1208531532653
河南,2016,2017,0.6101271266983216,0.5840689183174895,0.6158725612179126,0.5789849018509257,0.957290526448406,1.0541196953283374,1.0090987980804973
河南,2017,2018,0.5840689183174895,0.5898624513687251,0.6216486957836082,0.5554501773044745,1.0099192627266056,1.0527048665670817,1.0631469227121368
河南,2018,2019,0.5898624513687251,0.5328542431540545,0.6635913202555725,0.4742287277296346,0.9033533867389119,1.2445936485504645,1.124307887531801
河南,2019,2020,0.5328542431540545,0.5639444772696148,0.6229242234231386,0.48229517125044147,1.0583466013736365,1.1047072216796734,1.1691631335775947
浙江,2016,2017,1.0,1.0,1.0095370637019618,0.9969694399532095,1.0,1.0062831740930518,1.0062831740930518
浙江,2017,2018,1.0,0.9646094956289993,1.0785796755964216,0.8960840669486486,0.9646094956289993,1.1170586402552458,1.0775253715646285
浙江,2018,2019,0.9646094956289993,0.9224344069824136,1.0953864959722583,0.8124420604772092,0.9562775518614564,1.187395807889151,1.1354799562587934
浙江,2019,2020,0.9224344069824136,0.8923158552047756,1.0038216448539667,0.8197193618125301,0.9673488417716706,1.1251336752557668,1.0883967575969689
海南,2016,2017,1.0,1.0,1.0245118056539697,1.029754730015341,1.0,0.9974510362772198,0.9974510362772198
海南,2017,2018,1.0,0.9987620657404807,1.0501041775582982,1.015352410241584,0.9987620657404807,1.0175992344873594,1.0163395135325268
海南,2018,2019,0.9987620657404807,1.0,1.1344460543222987,0.8850585057118693,1.0012394686402126,1.1314541347979392,1.13285653671586
海南,2019,2020,1.0,1.0,1.102528042655919,0.9614796428800069,1.0,1.0708404687766506,1.0708404687766506
湖北,2016,2017,0.9644695951186778,0.9256357073252278,0.9493392130029563,0.9389469344828454,0.9597354981536028,1.0263947135942828,0.9850674417536336
湖北,2017,2018,0.9256357073252278,0.9703112870560243,0.9642838154385547,0.9313532709147153,1.0482647540249865,0.9938245595336542,1.0417912574435366
湖北,2018,2019,0.9703112870560243,0.9100025480164595,1.103001716240185,0.7980472151222431,0.9378459883502492,1.2139702345503014,1.1385171144496113
湖北,2019,2020,0.9100025480164595,0.9081836882153672,1.0069692085517679,0.8207422198913585,0.9980012585623448,1.1087641200648772,1.1065479872735182
湖南,2016,2017,0.9609066004771872,0.7695606342402405,0.817201758416934,0.9046667875584964,0.8008693392865402,1.0620366135648334,0.8505525610037828
湖南,2017,2018,0.7695606342402405,0.791037286505246,0.7881660300877593,0.7723461206933773,1.0279076804470497,0.9963818689379184,1.024188575739472
湖南,2018,2019,0.791037286505246,0.7601237248726724,0.9567579409312017,0.6277766293258072,0.9609202218909961,1.2593742214781924,1.2101581563466253
湖南,2019,2020,0.7601237248726724,0.8120166416217447,0.896009091514599,0.6889454176742904,1.068269039698458,1.1033758628935773,1.1787022734797792
甘肃,2016,2017,0.5363634263699408,0.4923123097242073,0.5148494652805913,0.5149455792998793,0.9178707673193389,1.0436832094110546,0.9579663082604349
甘肃,2017,2018,0.4923123097242073,0.4711466303616588,0.5290869381283902,0.4389851589718555,0.957007617025856,1.1222274921037698,1.0739802579791313
甘肃,2018,2019,0.4711466303616588,0.47455549368814115,0.546881315887188,0.411193225198421,1.0072352492977943,1.1491007542464882,1.1574147846717449
甘肃,2019,2020,0.47455549368814115,0.4754768463219679,0.5260785355895982,0.42896489099932233,1.0019415066226842,1.1063517649484176,1.1084997542270834
福建,2016,2017,1.0,1.0,1.008267078609711,1.0331795893551856,1.0,0.9878701995059368,0.9878701995059368
福建,2017,2018,1.0,1.0,1.1225123265380756,0.9301497315324248,1.0,1.0985482254068473,1.0985482254068473
福建,2018,2019,1.0,1.0,1.1470644555909761,0.9191795160325399,1.0,1.1171043486387469,1.1171043486387469
福建,2019,2020,1.0,1.0,1.1411659007611477,0.9632303351996768,1.0,1.088452089150482,1.088452089150482
西藏,2016,2017,1.0,1.0,1.0875654583317507,1.0105384527853811,1.0,1.0374120326152758,1.0374120326152758
西藏,2017,2018,1.0,1.0,1.2967500838365194,0.8843811764049005,1.0,1.2109003291217253,1.2109003291217253
西藏,2018,2019,1.0,1.0,1.3195087296678545,0.8531471009598455,1.0,1.243638545657607,1.243638545657607
西藏,2019,2020,1.0,1.0,1.1272550857113817,1.0879574724314522,1.0,1.0179000647051686,1.0179000647051686
贵州,2016,2017,1.0,1.0,1.1835362101120406,0.9590044745389399,1.0,1.1109140465025165,1.1109140465025165
贵州,2017,2018,1.0,1.0,1.2772834404702325,1.0123952729473154,1.0,1.1232297210522357,1.1232297210522357
贵州,2018,2019,1.0,0.9999999999999998,1.3232895873741433,0.967504867439397,0.9999999999999998,1.1695017291925414,1.1695017291925411
贵州,2019,2020,0.9999999999999998,1.0,1.225467790182674,0.9168028143507345,1.0000000000000002,1.1561468001722117,1.156146800172212
辽宁,2016,2017,0.8588898741870129,0.7432428378703574,0.7629631764261825,0.8355954651133685,0.8653528935521311,1.0272050044819825,0.8888948228997132
辽宁,2017,2018,0.7432428378703574,0.718876171388689,0.7890010509823551,0.6671293487211214,0.9672157399437751,1.1057885527647107,1.0695360932836757
辽宁,2018,2019,0.718876171388689,0.7300131981672676,0.7855611367906727,0.6770297869434094,1.0154922742216712,1.068926379293127,1.0854864798839141
辽宁,2019,2020,0.7300131981672676,0.7250556862542916,0.7682192613601125,0.6892086162008885,0.9932090105693677,1.059368173727859,1.052174015656925
重庆,2016,2017,0.8048008989875604,0.7455472456086043,0.7677111180662269,0.7825176160988547,0.9263747674070728,1.0291021721015292,0.9533342853186675
重庆,2017,2018,0.7455472456086043,0.7559461570151338,0.7802767616894065,0.7190090175935201,1.013948024713096,1.0345448451751307,1.0489747022424396
重庆,2018,2019,0.7559461570151338,0.8000033919718395,0.858330720973397,0.7073806157843866,1.0582809166338862,1.0707800438858541,1.1331860863567946
重庆,2019,2020,0.8000033919718395,0.8615911323663898,0.9296492289567101,0.7426562402315131,1.0769843490822577,1.0781047099609369,1.161101899299796
陕西,2016,2017,1.0,1.0,1.0243134777013296,0.9808218648843531,1.0,1.0219305308452393,1.0219305308452393
陕西,2017,2018,1.0,1.0,1.0694060488711052,0.9536280271518219,1.0,1.0589655083038156,1.0589655083038156
陕西,2018,2019,1.0,0.9099393800214419,1.0926940924230322,0.8373999407049475,0.9099393800214419,1.1975029840704434,1.089655122898886
陕西,2019,2020,0.9099393800214419,0.9403254513767954,1.0320826587640195,0.8293774052469202,1.0333935117245254,1.097357851769349,1.1340024840584089
青海,2016,2017,1.0,1.0,1.1004854196231706,0.940664685850445,1.0,1.081620042999062,1.081620042999062
青海,2017,2018,1.0,1.0,1.1916833611080369,0.8720348527322862,1.0,1.1689973223287815,1.1689973223287815
青海,2018,2019,1.0,1.0,1.4986688283305118,0.8048135039426403,1.0,1.3645995060420941,1.3645995060420941
青海,2019,2020,1.0,1.0,1.26320079519069,0.8591279226262766,1.0,1.2125712810218947,1.2125712810218947
黑龙江,2016,2017,0.7530605779186553,0.7824621312012225,0.8196916694480947,0.7166885961712305,1.0390427465527787,1.049163821101754,1.0901260582613745
黑龙江,2017,2018,0.7824621312012225,0.7299260293147891,0.8112198222601935,0.7006065073998152,0.9328579623325912,1.1141006619776233,1.0392976733658366
黑龙江,2018,2019,0.7299260293147891,0.694655074125594,0.8405934531495536,0.6075020945235432,0.9516787266480887,1.2057962561531337,1.147530645652847
黑龙江,2019,2020,0.694655074125594,0.6856850251388429,0.7557667333473354,0.6184721896126149,0.9870870460450573,1.1126435935184147,1.0982760780270493
